1,28 Talisman Road,,Vecpiebalga,Latvia
2,12795 Columbus Hill,468 22,Železný Brod,Czech Republic
3,98 Northwestern Plaza,216282,Ovsyanka,Russia
4,234 3rd Junction,687 51,Nivnice,Czech Republic
5,20 Bartillon Park,263 01,Dobříš,Czech Republic
6,46987 Prentice Street,,Kocēni,Latvia
7,30089 Lakewood Crossing,461150,Pleshanovo,Russia
8,3944 Stephen Terrace,517 42,Doudleby nad Orlicí,Czech Republic
9,60398 4th Plaza,164903,Novodvinsk,Russia
10,4146 Gale Terrace,186120,Pryazha,Russia
11,70831 Clarendon Place,629733,Zvëzdnyy,Russia
12,43 Continental Junction,,Zaliznychne,Ukraine
13,3 Service Junction,162400,Chagoda,Russia
14,096 American Plaza,186509,Belomorsk,Russia
15,4 Westerfield Point,433303,Alpatovo,Russia
16,8212 Scoville Crossing,11-414,Kętrzyn,Poland
17,2 Golf Court,,Prawdzinski,Belarus
18,0007 Waxwing Point,549 01,Nové Město nad Metují,Czech Republic
19,5949 American Ash Circle,33-160,Ryglice,Poland
20,50479 Monterey Center,396026,Ramon’,Russia
21,292 Arrowood Alley,,Hadyach,Ukraine
22,20 Express Drive,,Volodarka,Ukraine
23,82 Loomis Place,8015,Bodø,Norway
24,199 Loomis Place,456555,Korkino,Russia
25,710 Monument Park,,Kushnytsya,Ukraine
26,8075 Sage Pass,768 02,Zdounky,Czech Republic
27,6561 Twin Pines Plaza,433649,Mullovka,Russia
28,67430 1st Hill,0280,Oslo,Norway
29,18582 Forest Dale Alley,263 01,Dobříš,Czech Republic
30,0922 Fieldstone Drive,,Lyubashivka,Ukraine
31,11495 Roxbury Center,43-474,Koniaków,Poland
32,2 Doe Crossing Pass,07104 CEDEX,Annonay,France
33,056 Forster Park,,Svislach,Belarus
34,6 Mccormick Crossing,665684,Novaya Igirma,Russia
35,557 Granby Junction,361424,Nal’chik,Russia
36,88 Ohio Center,75756 CEDEX 15,Paris 15,France
37,21907 Melvin Street,13540,Aix-en-Provence,France
38,68381 Melrose Avenue,624992,Kozhva,Russia
39,882 Thompson Point,9406,Harstad,Norway
40,4607 Brown Point,,Kosmach,Ukraine
41,27 Schurz Avenue,29228 CEDEX 2,Brest,France
42,2634 Wayridge Circle,168020,Kortkeros,Russia
43,642 Ridge Oak Parkway,42-125,Łobodno,Poland
44,8 Blue Bill Park Trail,452941,Agidel’,Russia
45,2 Alpine Drive,692327,Grazhdanka,Russia
46,0616 Monument Place,88-324,Jeziora Wielkie,Poland
47,0763 Bartillon Street,267 63,Zaječov,Czech Republic
48,1839 Daystar Center,602204,Srednebelaya,Russia
49,21 Vahlen Lane,691 02,Velké Bílovice,Czech Republic
50,7 Transport Junction,77104 CEDEX,Meaux,France
51,287 Sauthoff Center,33699 CEDEX,Mérignac,France
52,833 Mandrake Point,86-318,Rogóźno,Poland
53,9 La Follette Lane,83300,Draguignan,France
54,23639 Arapahoe Place,142717,Orekhovo-Borisovo Severnoye,Russia
55,68 Oakridge Alley,347837,Masalovka,Russia
56,6719 7th Crossing,659690,Soloneshnoye,Russia
57,3163 Pearson Plaza,340 04,Železná Ruda,Czech Republic
58,6 Norway Maple Plaza,LE14,Twyford,United Kingdom
59,2 Eastlawn Pass,270 21,Všetaty,Czech Republic
60,35 International Center,CT16,Buckland,United Kingdom
61,1483 Surrey Crossing,32-020,Trąbki,Poland
62,37 Daystar Point,789 85,Mohelnice,Czech Republic
63,4255 Twin Pines Point,613310,Verkhoshizhem’ye,Russia
64,6 Gateway Trail,77427 CEDEX 2,Marne-la-Vallée,France
65,5 Oriole Avenue,38-440,Iwonicz-Zdrój,Poland
66,094 Little Fleur Terrace,346020,Krechevitsy,Russia
67,0 Village Crossing,95915 CEDEX 2,Roissy Charles-de-Gaulle,France
68,5 Golf Course Hill,57-343,Lewin Kłodzki,Poland
69,554 Union Street,142717,Orekhovo-Borisovo,Russia
70,04 Ridgeview Pass,187327,Sinyavino,Russia
71,90 Ludington Park,33-122,Wierzchosławice,Poland
72,0 Coleman Court,641500,Lebyazh’ye,Russia
73,20 Mayfield Junction,88084 CEDEX 9,Épinal,France
74,35934 Oriole Alley,36-212,Turze Pole,Poland
75,00 Manley Crossing,6704,Szeged,Hungary
76,7 Kennedy Parkway,301439,Suvorov,Russia
77,67399 Caliangt Drive,13637 CEDEX,Arles,France
78,169 Lakewood Lane,366605,Zakan-Yurt,Russia
79,41 Trailsway Lane,,Drahovo,Ukraine
80,917 Oxford Parkway,301871,Yefremov,Russia
81,76536 Loftsgordon Lane,,Velyki Mezhyrichi,Ukraine
82,475 Farmco Park,35047 CEDEX 9,Rennes,France
83,068 Gulseth Alley,92742 CEDEX,Nanterre,France
84,4401 Oriole Trail,05-306,Jakubów,Poland
85,1895 Bunting Court,331 41,Studená,Czech Republic
86,998 Eggendart Crossing,386340,Malgobek,Russia
87,0589 Lillian Way,08-331,Sabnie,Poland
88,07317 Scofield Lane,47-451,Tworków,Poland
89,13649 Shasta Trail,142143,Zhukovskiy,Russia
90,6 Chinook Parkway,,Novomoskovs’k,Ukraine
91,521 Eastwood Pass,593 01,Domanín,Czech Republic
92,3029 Norway Maple Way,30910 CEDEX 2,Nîmes,France
93,16120 Mockingbird Place,,Viļāni,Latvia
94,63618 Southridge Alley,267 51,Zdice,Czech Republic
95,2 Westridge Crossing,53129,Bonn,Germany
96,990 Texas Junction,43-196,Mikołów,Poland
97,7681 7th Alley,,Chornukhy,Ukraine
98,98507 Oxford Junction,,Chavusy,Belarus
99,71 Main Lane,641878,Shadrinsk,Russia
100,8431 Sundown Plaza,242251,Trubchevsk,Russia
101,655 Killdeer Pass,88009 CEDEX,Épinal,France
102,1855 Derek Parkway,,Rodatychi,Ukraine
103,3630 Mayer Crossing,694820,Tomari,Russia
104,56978 Hooker Court,71109 CEDEX,Chalon-sur-Saône,France
105,579 Hermina Plaza,26-650,Przytyk,Poland
106,124 Warrior Park,384 11,Dřiteň,Czech Republic
107,0 Chive Hill,21-080,Garbów,Poland
108,2854 Parkside Terrace,187327,Sinyavino,Russia
109,87 Main Place,666779,Markovo,Russia
110,57 Derek Drive,416020,Tambovka,Russia
111,79 School Crossing,06-126,Gzy,Poland
112,35855 Russell Way,249080,Detchino,Russia
113,9 Valley Edge Crossing,99047,Rusnė,Lithuania
114,8 Scott Drive,165391,Privodino,Russia
115,2 Eagan Center,96-514,Rybno,Poland
116,4 Kropf Center,36-067,Hyżne,Poland
117,36 Ilene Street,341 92,Kašperské Hory,Czech Republic
118,45 Karstens Alley,452242,Dmitriyevka,Russia
119,619 Arizona Pass,281 44,Zásmuky,Czech Republic
120,11 Manley Junction,87-340,Osiek,Poland
121,3662 Blue Bill Park Park,,Riga,Latvia
122,967 Service Junction,659702,Lorino,Russia
123,4837 Elgar Trail,665161,Alzamay,Russia
124,993 Kings Pass,1111,Budapest,Hungary
125,615 Nelson Drive,,Zelmeņi,Latvia
126,7217 Almo Park,629420,Kharp,Russia
127,8615 Dovetail Trail,369394,Uchkeken,Russia
128,090 Forest Dale Parkway,7646,Pécs,Hungary
129,23 Sunnyside Road,92119 CEDEX,Clichy,France
130,53 Mayer Place,,Kuty,Ukraine
131,5 Cody Road,301649,Uzlovaya,Russia
132,881 Maple Wood Avenue,368551,Kizilyurt,Russia
133,1484 Fair Oaks Parkway,SN13,Ashley,United Kingdom
134,8313 Sage Lane,37-720,Przemyśl,Poland
135,861 Paget Point,83-050,Kolbudy,Poland
136,8961 Pearson Point,763 11,Lípa,Czech Republic
137,0 Roth Court,,Kobelyaky,Ukraine
138,16252 Maple Wood Way,143020,Skhodnya,Russia
139,79 Sycamore Way,62-045,Pniewy,Poland
140,98 Meadow Valley Parkway,,Kivertsi,Ukraine
141,996 Old Shore Street,89051,Seda,Lithuania
142,44 Hazelcrest Way,57119 CEDEX,Thionville,France
143,59979 American Park,21-107,Wola Sernicka,Poland
144,1 Starling Avenue,692327,Grazhdanka,Russia
145,8 East Center,1605,Fredrikstad,Norway
146,53 Aberg Crossing,1101,Oslo,Norway
147,468 Algoma Park,63-020,Zaniemyśl,Poland
148,79647 Sauthoff Pass,57032 CEDEX 01,Metz,France
149,542 Commercial Way,182157,Sosnovaya Polyana,Russia
150,818 Talisman Lane,461509,Sol’-Iletsk,Russia
151,09 Novick Court,26-015,Pierzchnica,Poland
152,0 Oakridge Plaza,143020,Skhodnya,Russia
153,07965 Darwin Lane,66-302,Międzyrzecz,Poland
154,7 Buell Parkway,330 02,Dýšina,Czech Republic
155,2605 Monica Hill,186000,Olonets,Russia
156,6 Barnett Alley,,Mirovka,Ukraine
157,64 Swallow Lane,28-210,Bogoria,Poland
158,29 Harbort Point,623462,Martyush,Russia
159,612 Vera Point,142720,Shcherbinka,Russia
160,693 Everett Street,190990,Saint Petersburg,Russia
161,894 Kipling Place,186445,Novorozhdestvenskaya,Russia
162,81003 Caliangt Way,,Ādaži,Latvia
163,0763 Saint Paul Parkway,AB39,Aberdeen,United Kingdom
164,90 Anthes Street,659633,Starobelokurikha,Russia
165,17 Morningstar Place,91574 CEDEX,Massy,France
166,14 Manitowish Crossing,89-310,Łobżenica,Poland
167,03183 Kingsford Road,347639,Sal’sk,Russia
168,661 Armistice Circle,,Urzuf,Ukraine
169,03673 Division Circle,74-510,Trzcińsko Zdrój,Poland
170,1 Doe Crossing Parkway,679 53,Benešov,Czech Republic
171,15633 Jana Plaza,42-242,Rędziny,Poland
172,11907 Twin Pines Avenue,161396,Nyuksenitsa,Russia
173,691 Northland Terrace,83174 CEDEX,Brignoles,France
174,5399 Browning Court,05-090,Ochota,Poland
175,7 Mandrake Crossing,35047 CEDEX 9,Rennes,France
176,36 Ridgeview Road,55-120,Oborniki Śląskie,Poland
177,97 Swallow Crossing,,Velykoploske,Ukraine
178,4702 Esker Park,1097,Budapest,Hungary
179,44430 Golden Leaf Place,169309,Ukhta,Russia
180,160 Kings Center,588 45,Dolní Cerekev,Czech Republic
181,02 Del Sol Crossing,32-864,Gnojnik,Poland
182,65195 Veith Way,1086,Budapest,Hungary
183,0 Commercial Lane,,Yahotyn,Ukraine
184,25777 Jay Junction,05-509,Mysiadło,Poland
185,56283 Tony Terrace,439 83,Lubenec,Czech Republic
186,50 Crescent Oaks Point,44474 CEDEX,Carquefou,France
187,0 High Crossing Hill,,Blon’,Belarus
188,1414 Loeprich Point,162510,Kaduy,Russia
189,667 Corry Point,456922,Tol’yatti,Russia
190,21 Sommers Parkway,,Viesīte,Latvia
191,1 Fairfield Crossing,45032 CEDEX 1,Orléans,France
192,0891 Pleasure Avenue,56-306,Sułów,Poland
193,8 Hintze Drive,453703,Uchaly,Russia
194,75 Bayside Trail,399240,Donskoye,Russia
195,97696 Melvin Plaza,140514,Krasnaya Poyma,Russia
196,86518 Gateway Point,97001,Kretinga,Lithuania
197,22325 Rutledge Way,359025,Yashalta,Russia
198,2053 Swallow Road,742 54,Bartošovice,Czech Republic
199,790 Bowman Court,622970,Visim,Russia
200,18 Del Mar Junction,63-405,Sieroszewice,Poland
201,91 Main Park,75353 SP 07,Paris 07,France
202,628 Melody Terrace,,Kharkiv,Ukraine
203,783 Kenwood Parkway,,Buynichy,Belarus
204,6474 Lukken Street,783 73,Grygov,Czech Republic
205,2 Esker Point,69154 CEDEX,Décines-Charpieu,France
206,4 Veith Way,38-606,Baligród,Poland
207,4 Corben Drive,628389,Pyt-Yakh,Russia
208,5 Petterle Pass,330 27,Vejprnice,Czech Republic
209,2 Schmedeman Hill,632851,Nizhnyaya Tura,Russia
210,571 Pepper Wood Road,742 82,Jistebník,Czech Republic
211,3 Brickson Park Terrace,446209,Novokuybyshevsk,Russia
212,3 Victoria Avenue,,Yurkivka,Ukraine
213,3 Esker Alley,66605 CEDEX,Rivesaltes,France
214,26 Ridgeway Drive,186855,Porosozero,Russia
215,8 Garrison Court,,Chornobay,Ukraine
216,79 West Circle,62-050,Mosina,Poland
217,2 Troy Point,361203,Terek,Russia
218,62 Barnett Parkway,216290,Velizh,Russia
219,68 Comanche Alley,63-417,Ostrów Wielkopolski,Poland
220,79 Swallow Drive,75609 CEDEX 12,Paris 12,France
221,87732 Pearson Court,71049,Kudirkos Naumiestis,Lithuania
222,96 Jana Plaza,69362 CEDEX 07,Lyon,France
223,2509 Washington Point,,Velyka Oleksandrivka,Ukraine
224,7 Monument Trail,623641,Troitskiy,Russia
225,06614 Moland Pass,,Alchevs’k,Ukraine
226,274 Tomscot Point,26-301,Opoczno,Poland
227,1512 Calypso Street,624144,Kirovgrad,Russia
228,0 Kropf Alley,24111 CEDEX,Bergerac,France
229,4416 Luster Alley,243240,Starodub,Russia
230,16411 Meadow Valley Terrace,13867 CEDEX 9,Vitrolles,France
231,39 Debs Road,427060,Debesy,Russia
232,449 Petterle Court,624357,Kachkanar,Russia
233,11834 Daystar Trail,75280 CEDEX 06,Paris 06,France
234,69508 Northridge Crossing,666217,Manzurka,Russia
235,52318 Havey Pass,62-040,Puszczykowo,Poland
236,8366 Glacier Hill Drive,,Donetsk,Ukraine
237,2 Union Junction,686314,Susuman,Russia
238,71769 Bowman Alley,35409 CEDEX,Saint-Malo,France
239,776 Spohn Parkway,691 05,Zaječí,Czech Republic
240,1702 Fair Oaks Terrace,44-246,Gardawice,Poland
241,1 Memorial Crossing,53085 CEDEX 9,Laval,France
242,449 Scofield Plaza,,Knyazhichi,Ukraine
243,83775 Farragut Parkway,98-360,Lututów,Poland
244,4 Lakewood Crossing,391339,Syntul,Russia
245,5939 Basil Hill,142672,Likino-Dulevo,Russia
246,1312 Northland Plaza,,Rozivka,Ukraine
247,41961 Del Mar Way,250 90,Jirny,Czech Republic
248,606 Lukken Street,0264,Oslo,Norway
249,92227 Debra Drive,,Bohorodchany,Ukraine
250,63091 Tomscot Park,442815,Tirlyanskiy,Russia
251,417 Buell Way,BD23,Linton,United Kingdom
252,9901 Summit Avenue,188668,Garbolovo,Russia
253,53557 Arapahoe Park,16-050,Michałowo,Poland
254,45505 Eagan Junction,,Krasnaye,Belarus
255,399 Jana Way,62070 CEDEX 9,Arras,France
256,5454 Annamark Pass,55-120,Oborniki Śląskie,Poland
257,66 Melrose Street,37-754,Babice,Poland
258,67 Crest Line Park,373 11,Ledenice,Czech Republic
259,26902 Claremont Avenue,,Utkivka,Ukraine
260,28797 Esker Point,424999,Yoshkar-Ola,Russia
261,06 Banding Trail,1046,Budapest,Hungary
262,5932 Linden Plaza,413138,Privolzhskiy,Russia
263,21630 Moland Court,08209 CEDEX,Sedan,France
264,6449 Morningstar Terrace,73-231,Krzęcin,Poland
265,20 Upham Parkway,34-382,Żabnica,Poland
266,5 Larry Court,676009,Taldan,Russia
267,09 7th Hill,77815 CEDEX,Moret-sur-Loing,France
268,95 Johnson Parkway,01004 CEDEX,Bourg-en-Bresse,France
269,8560 Atwood Court,36-062,Rudna Mała,Poland
270,5 Randy Hill,,Nova Odesa,Ukraine
271,4526 Maple Hill,44706 CEDEX,Orvault,France
272,42097 Maryland Street,624475,Cherëmukhovo,Russia
273,361 Sheridan Junction,338 24,Břasy,Czech Republic
274,8313 5th Lane,95761 CEDEX 1,Roissy Charles-de-Gaulle,France
275,5 Twin Pines Hill,175419,Valday,Russia
276,374 Ridgeview Hill,354395,Khosta,Russia
277,97742 Valley Edge Circle,,Stavyshche,Ukraine
278,4728 Ridgeview Way,,Rakhiv,Ukraine
279,5632 Columbus Street,,Urzuf,Ukraine
280,40709 Russell Junction,65-980,Ochla,Poland
281,95587 Sachtjen Terrace,,Marshintsy,Ukraine
282,5886 Waywood Plaza,157510,Shar’ya,Russia
283,28 Haas Crossing,95915 CEDEX 2,Roissy Charles-de-Gaulle,France
284,595 Laurel Plaza,58-130,Żarów,Poland
285,71 East Way,49023 CEDEX 02,Angers,France
286,951 Village Parkway,353400,Gostagayevskaya,Russia
287,2825 Lighthouse Bay Road,14074 CEDEX 5,Caen,France
288,4883 Saint Paul Lane,373 71,Rudolfov,Czech Republic
289,0111 Ridgeway Junction,72100,Le Mans,France
290,6917 Onsgard Plaza,363611,Kardzhin,Russia
291,77 Eggendart Lane,09-470,Bodzanów,Poland
292,58665 Thompson Terrace,249028,Ochakovo-Matveyevskoye,Russia
293,15 Straubel Junction,,Uhlove,Ukraine
294,25988 Bluejay Place,427820,Malaya Purga,Russia
295,731 Lukken Park,216282,Ovsyanka,Russia
296,69 Lighthouse Bay Center,06-413,Ciechanów,Poland
297,8441 Declaration Way,143912,Zelenograd,Russia
298,67 Hauk Alley,396460,Verkhniy Mamon,Russia
299,1 Rutledge Plaza,89094,Viekšniai,Lithuania
300,95 Carioca Trail,43-378,Rybarzowice,Poland
301,0 David Hill,08-322,Ceranów,Poland
302,5 Northport Hill,652900,Mundybash,Russia
303,916 Sachs Circle,330 16,Všeruby,Czech Republic
304,3 International Hill,366526,Shalazhi,Russia
305,670 Lighthouse Bay Court,21061 CEDEX,Dijon,France
306,60145 Charing Cross Point,56019 CEDEX,Vannes,France
307,5207 Browning Parkway,69814 CEDEX,Tassin-la-Demi-Lune,France
308,68 Forster Street,41-840,Zabrze,Poland
309,8 Forest Run Avenue,180559,Pskov,Russia
310,5 Northport Avenue,664 84,Příbram,Czech Republic
311,8778 Bluestem Center,33080 CEDEX,Bordeaux,France
312,8396 8th Place,682860,Vanino,Russia
313,906 Reinke Plaza,,Mirovka,Ukraine
314,712 Heffernan Trail,59007 CEDEX,Lille,France
315,765 International Street,95234,Soisy-sous-Montmorency,France
316,935 Nova Court,142152,Ozëry,Russia
317,32701 Fairview Drive,673613,Vershino-Shakhtaminskiy,Russia
318,9001 Tomscot Terrace,1181,Budapest,Hungary
319,37920 Di Loreto Court,38-213,Kołaczyce,Poland
320,050 Cottonwood Crossing,,Starychi,Ukraine
321,63698 Northview Place,427010,Pirogovo,Russia
322,0 Kenwood Place,33515 CEDEX,Libourne,France
323,4 Pankratz Court,429905,Tsivil’sk,Russia
324,1 Hoffman Road,80686,München,Germany
325,74 Gerald Crossing,4892,Grimstad,Norway
326,40339 Ridge Oak Center,450049,Novonukutskiy,Russia
327,5 Melby Alley,63-816,Gostyń,Poland
328,4256 Forest Run Center,63-308,Gizałki,Poland
329,0 Schurz Drive,659690,Soloneshnoye,Russia
330,177 Burning Wood Crossing,397815,Strelitsa,Russia
331,7 Stone Corner Avenue,512 42,Poniklá,Czech Republic
332,4 Valley Edge Plaza,06-210,Płoniawy-Bramura,Poland
333,6 Cody Center,362 25,Nová Role,Czech Republic
334,3955 Springs Avenue,64185 CEDEX,Bayonne,France
335,87 Bunker Hill Plaza,347639,Sal’sk,Russia
336,99 Grim Crossing,44-348,Skrzyszów,Poland
337,67 Kennedy Center,580 01,Havlíčkův Brod,Czech Republic
338,9 Manitowish Park,96-232,Regnów,Poland
339,5605 Corry Court,S8,Norton,United Kingdom
340,0103 Pond Drive,22-310,Kraśniczyn,Poland
341,39 Dexter Terrace,309999,Valuyki,Russia
342,230 Kennedy Way,357 33,Loket,Czech Republic
343,15 Maywood Point,30167,Hannover,Germany
344,149 Twin Pines Place,44804 CEDEX,Saint-Herblain,France
345,24 Moose Place,464 01,Višňova,Czech Republic
346,43 Iowa Terrace,59895 CEDEX 9,Lille,France
347,2056 Emmet Place,691 55,Moravská Nová Ves,Czech Republic
348,9 Erie Point,671820,Naushki,Russia
349,242 Colorado Plaza,671450,Kizhinga,Russia
350,32 Spohn Center,,Yabluniv,Ukraine
351,7 Maple Wood Park,75220 CEDEX 16,Paris 16,France
352,820 Kings Pass,389 01,Vodňany,Czech Republic
353,334 Brown Lane,652156,Mariinsk,Russia
354,8988 Stone Corner Road,67311 CEDEX,Schiltigheim,France
355,94 Bellgrove Road,60435,Frankfurt am Main,Germany
356,51 Debs Crossing,624127,Kalinovo,Russia
357,34 Weeping Birch Street,47923 CEDEX 9,Agen,France
358,817 Maryland Circle,171649,Kashin,Russia
359,12 Vahlen Center,36029 CEDEX,Châteauroux,France
360,073 Cambridge Drive,301086,Rodniki,Russia
361,834 Village Drive,368212,Prokop’yevsk,Russia
362,615 Scoville Center,162002,Gryazovets,Russia
363,938 Anderson Junction,,Jaunpiebalga,Latvia
364,09029 Norway Maple Lane,,Yurkivka,Ukraine
365,3139 Center Trail,394 03,Horní Cerekev,Czech Republic
366,18236 Linden Alley,86-120,Pruszcz,Poland
367,20 Iowa Court,21-580,Wisznice,Poland
368,2 Onsgard Point,242791,Yakovlevskoye,Russia
369,7 Autumn Leaf Avenue,59071,Hamm,Germany
370,3865 Northport Parkway,669469,Strogino,Russia
371,617 Magdeline Trail,66-101,Sulechów,Poland
372,9178 Dapin Junction,40-401,Giedlarowa,Poland
373,5128 Delaware Center,150534,Kurba,Russia
374,659 Oak Drive,10606 CEDEX,Troyes,France
375,3 Banding Alley,28-363,Oksa,Poland
376,7 Alpine Way,41062,Birzai,Lithuania
377,3 Blue Bill Park Alley,412950,Shikhany,Russia
378,520 Blackbird Hill,391030,Spas-Klepiki,Russia
379,4 Oak Pass,357373,Borgustanskaya,Russia
380,9 Dahle Point,94542 CEDEX,Orly aérogare,France
381,7 Sutherland Crossing,622937,Vyatskiye Polyany,Russia
382,52 Nancy Court,363611,Kardzhin,Russia
383,5035 Crowley Trail,617210,Karagay,Russia
384,4298 Messerschmidt Hill,93187 CEDEX,Montreuil,France
385,91 Laurel Way,601570,Kurlovo,Russia
386,7597 Goodland Place,,Chornobay,Ukraine
387,11 Straubel Terrace,143035,Zvenigorod,Russia
388,9 Bay Crossing,92592 CEDEX,Levallois-Perret,France
389,17860 Milwaukee Place,74-200,Pyrzyce,Poland
390,429 Oxford Circle,652878,Mezhdurechensk,Russia
391,44452 Clove Way,663510,Shalinskoye,Russia
392,37 Sachtjen Drive,366013,Petropavlovskaya,Russia
393,08 Lukken Crossing,,Mala Danylivka,Ukraine
394,1 Anderson Court,76-230,Potęgowo,Poland
395,344 Dunning Alley,06-320,Baranowo,Poland
396,5 Lukken Pass,172711,Belyy Gorodok,Russia
397,1 Maryland Hill,0979,Oslo,Norway
398,11237 Summit Center,677907,Tabaga,Russia
399,85527 International Drive,683 52,Zbýšov,Czech Republic
400,277 Debra Parkway,361805,Zhemtala,Russia
401,67 Jackson Pass,57-215,Stoszowice,Poland
402,1355 2nd Alley,,Onokivtsi,Ukraine
403,9 Morrow Terrace,,Chornobay,Ukraine
404,6101 Fairview Junction,353356,Rostov-na-Donu,Russia
405,35 Larry Way,251 67,Pyšely,Czech Republic
406,4233 Northland Junction,34-350,Węgierska Górka,Poland
407,801 3rd Road,,Komarno,Ukraine
408,3 Calypso Junction,756 14,Francova Lhota,Czech Republic
409,51405 Village Alley,31039 CEDEX 9,Toulouse,France
410,2431 Gale Circle,,Turets-Bayary,Belarus
411,34378 Larry Park,11-015,Olsztynek,Poland
412,3200 Maple Pass,142720,Shcherbinka,Russia
413,6409 Jana Plaza,63-642,Perzów,Poland
414,7362 Northview Terrace,413146,Engel’s,Russia
415,662 Vermont Point,05-850,Nowe Grocholice,Poland
416,5696 Bunker Hill Street,352835,Nebug,Russia
417,6 Mendota Lane,,Zhovti Vody,Ukraine
418,84 Cordelia Pass,665236,Budagovo,Russia
419,427 Pine View Pass,273 43,Buštěhrad,Czech Republic
420,334 Cascade Street,57-343,Lewin Kłodzki,Poland
421,33 Lakeland Way,37-754,Babice,Poland
422,9597 Randy Court,391 61,Opařany,Czech Republic
423,01 Cascade Plaza,21-205,Jabłoń,Poland
424,33 Oakridge Park,739 51,Dobrá,Czech Republic
425,43442 High Crossing Pass,38-312,Ropa,Poland
426,88845 Green Ridge Street,678831,Cherskiy,Russia
427,73 Michigan Road,361805,Zhemtala,Russia
428,2 Troy Plaza,06116,Halle,Germany
429,8143 International Junction,05-840,Brwinów,Poland
430,0383 Surrey Center,76069 CEDEX,Le Havre,France
431,912 Iowa Point,,Daugavpils,Latvia
432,49047 Veith Point,,Kolomak,Ukraine
433,4 Steensland Point,RG20,Newtown,United Kingdom
434,17 Arizona Plaza,452500,Verkhniye Kigi,Russia
435,0 Cordelia Trail,22453,Hamburg,Germany
436,35678 Westerfield Lane,663800,Ilanskiy,Russia
437,24 Rutledge Alley,84042 CEDEX 9,Avignon,France
438,979 Buena Vista Crossing,37-754,Babice,Poland
439,22 7th Crossing,,Baruny,Belarus
440,7 Bultman Plaza,768 05,Koryčany,Czech Republic
441,13746 Spohn Drive,12030 CEDEX 9,Rodez,France
442,682 Dottie Crossing,46-030,Murów,Poland
443,82930 Lukken Center,,Ulbroka,Latvia
444,7 Sunbrook Street,,Illintsi,Ukraine
445,538 Vernon Court,05-280,Jadów,Poland
446,3718 Kinsman Point,23-412,Łukowa,Poland
447,3553 Roth Avenue,,Klishkivtsi,Ukraine
448,9 Jay Crossing,69902 CEDEX 20,Lyon,France
449,1 Boyd Drive,19117 CEDEX,Brive-la-Gaillarde,France
450,26 Dayton Circle,59-706,Gromadka,Poland
451,2 Weeping Birch Avenue,413146,Engel’s,Russia
452,97069 Old Gate Terrace,403 35,Libouchec,Czech Republic
453,10 Ridgeview Lane,,Blyznyuky,Ukraine
454,99028 Debs Court,95251 CEDEX,Taverny,France
455,9 Dwight Plaza,216533,Yekimovichi,Russia
456,29646 Bellgrove Street,92036 CEDEX,Paris La Défense,France
457,4 Burning Wood Place,462401,Mikhaylovsk,Russia
458,76321 Mccormick Park,613110,Vakhrushi,Russia
459,0671 Anthes Pass,141540,Povarovo,Russia
460,52600 Ridgeview Avenue,76059 CEDEX,Le Havre,France
461,0 Carey Street,629320,Otradnyy,Russia
462,85249 Melody Street,95652 CEDEX,Cergy-Pontoise,France
463,2793 Hazelcrest Lane,69239 CEDEX 02,Lyon,France
464,77400 Warner Alley,64-115,Święciechowa,Poland
465,8919 Pawling Junction,347554,Proletarsk,Russia
466,8396 3rd Court,08-470,Wilga,Poland
467,57062 Drewry Crossing,77614 CEDEX 3,Marne-la-Vallée,France
468,72 Rieder Point,06-461,Regimin,Poland
469,09 Golf View Street,67604 CEDEX,Sélestat,France
470,333 Reinke Center,32-840,Zakliczyn,Poland
471,31 Magdeline Road,4089,Hafrsfjord,Norway
472,29636 Eastlawn Drive,33080 CEDEX,Bordeaux,France
473,51 Corscot Way,93154 CEDEX,Le Blanc-Mesnil,France
474,2050 Oxford Lane,464 01,Frýdlant,Czech Republic
475,9024 Sunfield Hill,366319,Mayrtup,Russia
476,2679 Heffernan Alley,627306,Narimanov,Russia
477,1 Rusk Parkway,678711,Dzhebariki-Khaya,Russia
478,3 Division Plaza,78942 CEDEX,Vélizy-Villacoublay,France
479,84959 Scoville Terrace,309311,Partizansk,Russia
480,0 Saint Paul Hill,14908 CEDEX 9,Caen,France
481,50237 Walton Pass,35047 CEDEX 9,Rennes,France
482,15944 Fair Oaks Court,17004 CEDEX 1,La Rochelle,France
483,971 Warner Center,452242,Dmitriyevka,Russia
484,99 Basil Street,141850,Dmitrov,Russia
485,24 Pearson Point,67080 CEDEX,Strasbourg,France
486,2 Sage Lane,7440,Trondheim,Norway
487,661 Superior Center,692608,Kamenka,Russia
488,16 Towne Place,13568 CEDEX 02,Marseille,France
489,47 Ludington Terrace,30034 CEDEX 1,Nîmes,France
490,5 Oak Lane,588 62,Telč,Czech Republic
491,9 Hanover Center,67-400,Wschowa,Poland
492,2679 Rigney Court,301649,Uzlovaya,Russia
493,96 Truax Street,3220,Sandefjord,Norway
494,498 Sauthoff Terrace,75104 CEDEX 02,Paris 02,France
495,663 Sommers Parkway,,Neresnytsya,Ukraine
496,97310 Bartelt Alley,,Ulbroka,Latvia
497,582 Vera Road,423555,Naberezhnyye Chelny,Russia
498,4 Pond Center,62-085,Skoki,Poland
499,7 Riverside Way,49309 CEDEX,Cholet,France
500,3 Huxley Lane,74164 CEDEX,Saint-Julien-en-Genevois,France
501,97227 Buell Junction,569 24,Kunčina,Czech Republic
502,93137 Toban Drive,186660,Loukhi,Russia
503,67698 Algoma Hill,352537,Voznesenskaya,Russia
504,08131 Delladonna Junction,692980,Dal’nerechensk,Russia
505,400 Bartelt Road,675 01,Vladislav,Czech Republic
506,242 Rowland Hill,,Ropcha,Ukraine
507,376 Vernon Drive,6517,Kristiansund N,Norway
508,9 Burrows Plaza,196627,Pavlovsk,Russia
509,02 Meadow Vale Circle,,Kremidivka,Ukraine
510,8 Fulton Circle,98001,Skuodas,Lithuania
511,90 Ruskin Pass,,Karanyowka,Belarus
512,8 Riverside Lane,9009,Győr,Hungary
513,186 Cody Junction,,Dzyarzhynsk,Belarus
514,6137 Crownhardt Avenue,668210,Shagonar,Russia
515,403 Hallows Crossing,162160,Gvardeysk,Russia
516,48 Utah Court,75054 CEDEX 01,Paris 01,France
517,176 Myrtle Center,26-015,Pierzchnica,Poland
518,88 Esker Alley,3205,Sandefjord,Norway
519,23364 Clove Park,86-120,Pruszcz,Poland
520,7039 David Alley,142817,Zamoskvorech’ye,Russia
521,37003 Anderson Pass,,Līvāni,Latvia
522,5203 Roth Avenue,411 41,Žitenice,Czech Republic
523,603 Longview Hill,06-501,Mława,Poland
524,4616 8th Street,80-201,Solec Nad Wisłą,Poland
525,62 Meadow Vale Street,45911 CEDEX 9,Orléans,France
526,3 Main Road,3005,Drammen,Norway
527,13221 Maryland Plaza,37217,Witzenhausen,Germany
528,4 Hudson Park,663740,Aban,Russia
529,7268 Quincy Park,75390 CEDEX 08,Paris 08,France
530,0019 Carioca Circle,20414 CEDEX 9,Bastia,France
531,83441 Village Green Center,,Dovhe,Ukraine
532,1 Mccormick Street,353265,Chernomorskiy,Russia
533,72 Dayton Terrace,186806,Lyaskelya,Russia
534,04110 Dryden Drive,512 11,Vysoké nad Jizerou,Czech Republic
535,0 Forest Street,42-772,Pawonków,Poland
536,2240 Vahlen Hill,143422,Gorki Vtoryye,Russia
537,61551 Heffernan Pass,48005 CEDEX,Mende,France
538,6 Sunnyside Drive,396564,Podgornoye,Russia
539,65 Vidon Place,356040,Pregradnoye,Russia
540,73 Sullivan Junction,439 81,Kryry,Czech Republic
541,84 Huxley Way,66-342,Goraj,Poland
542,900 Fulton Pass,,Shevchenkove,Ukraine
543,15315 Sachtjen Park,42164 CEDEX,Andrézieux-Bouthéon,France
544,80 Dennis Place,22104 CEDEX,Dinan,France
545,914 Graedel Place,44945 CEDEX 9,Nantes,France
546,39 Twin Pines Pass,,Tsyelyakhany,Belarus
547,470 Onsgard Trail,3271,Larvik,Norway
548,019 Larry Alley,54154 CEDEX,Briey,France
549,0446 Village Green Pass,188910,Primorsk,Russia
550,63 Morning Court,453259,Salavat,Russia
551,91 Veith Park,273 03,Stochov,Czech Republic
552,51 Steensland Parkway,238323,Beloostrov,Russia
553,783 Sunnyside Circle,164903,Novodvinsk,Russia
554,5650 Acker Plaza,75413 CEDEX 08,Paris 08,France
555,9234 Arizona Plaza,188516,Kipen’,Russia
556,03 Golden Leaf Place,80-893,Prażmów,Poland
557,270 Roxbury Trail,394 44,Želiv,Czech Republic
558,73842 Upham Drive,55-020,Żórawina,Poland
559,053 Erie Alley,412285,Aromashevo,Russia
560,21316 Pankratz Parkway,80104 CEDEX,Abbeville,France
561,63839 Prairie Rose Center,99-307,Strzelce,Poland
562,8163 Jenna Point,54204 CEDEX,Toul,France
563,3965 Lakewood Gardens Circle,141707,Novokhovrino,Russia
564,903 Bellgrove Court,623850,Irbit,Russia
565,634 Kropf Court,665081,Kvitok,Russia
566,2 Coleman Pass,42-575,Strzyżowice,Poland
567,6 Green Lane,56109 CEDEX,Lorient,France
568,725 Ludington Way,11878 CEDEX 9,Carcassonne,France
569,45 Dexter Trail,,Kapitanivka,Ukraine
570,079 Goodland Drive,164200,Nyandoma,Russia
571,34686 Melvin Point,51715 CEDEX,Reims,France
572,94855 Maryland Terrace,386122,Kantyshevo,Russia
573,7 Talmadge Plaza,17-306,Dziadkowice,Poland
574,610 Elgar Trail,439 31,Měcholupy,Czech Republic
575,110 Cascade Plaza,398 53,Chyšky,Czech Republic
576,20340 Westport Plaza,59339 CEDEX,Tourcoing,France
577,335 Farwell Hill,35605 CEDEX,Redon,France
578,79 Clove Parkway,668110,Chadan,Russia
579,810 Gateway Lane,157008,Buy,Russia
580,2 Badeau Terrace,422338,Spirovo,Russia
581,76174 Hudson Pass,385232,Krasnoye,Russia
582,872 Independence Junction,747 44,Březová,Czech Republic
583,99960 Vermont Street,472 01,Doksy,Czech Republic
584,333 John Wall Junction,330 26,Tlučná,Czech Republic
585,0 Mendota Center,249716,Komsomol’skiy,Russia
586,073 Stephen Place,243044,Churovichi,Russia
587,212 Iowa Road,35538 CEDEX,Noyal-sur-Vilaine,France
588,193 Rutledge Junction,,Vatutine,Ukraine
589,0 Mcbride Hill,39039 CEDEX 9,Lons-le-Saunier,France
590,7078 Meadow Valley Park,76086 CEDEX,Le Havre,France
591,82 Hayes Terrace,677903,Kangalassy,Russia
592,4 Forest Avenue,15015 CEDEX,Aurillac,France
593,95669 Ryan Hill,0773,Oslo,Norway
594,93784 Drewry Pass,49309 CEDEX,Cholet,France
595,870 Upham Street,07-306,Brok,Poland
596,0113 Karstens Avenue,2809,Tatabánya,Hungary
597,057 Northport Terrace,49-200,Grodków,Poland
598,02375 Del Mar Way,196627,Pavlovsk,Russia
599,2565 Cardinal Court,,Viļaka,Latvia
600,2 Londonderry Way,92174 CEDEX,Vanves,France
601,81383 Anthes Junction,188370,Yelizavetino,Russia
602,3992 Nova Crossing,1046,Budapest,Hungary
603,0 Mayfield Plaza,238026,Nesterov,Russia
604,50 West Way,,Tsimkavichy,Belarus
605,096 Stoughton Hill,06-440,Gąsocin,Poland
606,09 Florence Trail,20184 CEDEX 1,Ajaccio,France
607,0 Utah Court,215107,Volokolamsk,Russia
608,1008 Shasta Avenue,398526,Krasnyy Oktyabr’,Russia
609,1 Bobwhite Plaza,75976 CEDEX 20,Paris 20,France
610,5 Division Drive,,Sholokhove,Ukraine
611,5 Pierstorff Point,,Kirovohrad,Ukraine
612,45 Prairieview Circle,385700,Vladimirskaya,Russia
613,91341 Briar Crest Crossing,694222,Trudovoye,Russia
614,9366 Redwing Circle,607040,Vilya,Russia
615,8583 Bunker Hill Plaza,624607,Alapayevsk,Russia
616,93 Bunker Hill Parkway,396449,Vorontsovka,Russia
617,32 Porter Circle,538 62,Hrochův Týnec,Czech Republic
618,8256 Glacier Hill Way,10606 CEDEX,Troyes,France
619,9215 Randy Junction,332 04,Nezvěstice,Czech Republic
620,1 Texas Hill,549 81,Meziměstí,Czech Republic
621,8776 Logan Street,182647,Tver,Russia
622,04513 Oneill Point,613384,Mikhaylovka,Russia
623,9710 Elgar Junction,182170,Glotovka,Russia
624,26113 Amoth Point,93571 CEDEX,La Plaine-Saint-Denis,France
625,716 Bashford Circle,461677,Severnoye,Russia
626,48862 Leroy Street,69441 CEDEX 03,Lyon,France
627,55 Grasskamp Place,64185 CEDEX,Bayonne,France
628,48341 Doe Crossing Point,67024 CEDEX 1,Strasbourg,France
629,5 Toban Way,83-020,Cedry Wielkie,Poland
630,79 Lakeland Point,396730,Kantemirovka,Russia
631,21 Schurz Place,,Hotsk,Belarus
632,33095 Bonner Hill,450049,Novonukutskiy,Russia
633,033 Myrtle Way,2035,Érd,Hungary
634,4 Sloan Plaza,,Kozhanka,Ukraine
635,79953 Eastlawn Place,140713,Kerva,Russia
636,83581 Carpenter Street,75240 CEDEX 05,Paris 05,France
637,976 Hallows Plaza,353715,Chelbasskaya,Russia
638,847 Lunder Way,,Inčukalns,Latvia
639,9 Bultman Park,359050,Inta,Russia
640,1896 Crownhardt Crossing,AB56,Milton,United Kingdom
641,49353 Lakewood Point,42-165,Lipie,Poland
642,39077 New Castle Circle,55-070,Smolec,Poland
643,438 Thompson Road,348 02,Borovany,Czech Republic
644,26462 Ridgeview Pass,512 63,Rovensko pod Troskami,Czech Republic
645,599 Sundown Avenue,613603,Orichi,Russia
646,77 Monument Hill,309311,Partizansk,Russia
647,412 Scoville Street,678450,Nyurba,Russia
648,55 Laurel Avenue,,Klyetsk,Belarus
649,30722 Schurz Park,186430,Nadvoitsy,Russia
650,41805 Parkside Alley,22004 CEDEX 1,Saint-Brieuc,France
651,36 Rieder Court,32-112,Klimontów,Poland
652,88815 Sachtjen Alley,,Balaklava,Ukraine
653,86138 Bartelt Road,,Kolomyya,Ukraine
654,066 Morrow Circle,57404 CEDEX,Sarrebourg,France
655,41 Hanover Center,190990,Admiralteisky,Russia
656,31 Ridgeway Trail,,Zhovti Vody,Ukraine
657,471 Browning Plaza,356326,Kalinovskoye,Russia
658,3 Eastwood Plaza,,Kuznetsovs’k,Ukraine
659,328 Havey Park,182346,Kuvshinovo,Russia
660,18 Charing Cross Avenue,431674,Chishmy,Russia
661,82296 Larry Center,,Tyshkivka,Ukraine
662,996 Marcy Center,,Vitebsk,Belarus
663,52 Caliangt Alley,452034,Shchukino,Russia
664,74929 Sherman Avenue,747 69,Pustá Polom,Czech Republic
665,08 Sycamore Court,,Vyshneve,Ukraine
666,03337 Arapahoe Way,238460,Ladushkin,Russia
667,7 Monument Terrace,140235,Khorlovo,Russia
668,97696 Superior Hill,428902,Troitsk,Russia
669,0 Summerview Avenue,238758,Sovetsk,Russia
670,92 Cordelia Terrace,624400,Novaya Lyalya,Russia
671,63492 Troy Trail,665161,Alzamay,Russia
672,212 Mandrake Lane,60804 CEDEX,Crépy-en-Valois,France
673,560 Sundown Center,59034 CEDEX,Lille,France
674,5 Prairieview Way,76086 CEDEX,Le Havre,France
675,84392 Bluejay Circle,676150,Tygda,Russia
676,89765 Almo Park,3230,Sandefjord,Norway
677,934 Dawn Parkway,33-330,Grybów,Poland
678,2627 Bobwhite Pass,44143,Dortmund,Germany
679,0 Ramsey Trail,54021 CEDEX,Nancy,France
680,9400 Anthes Way,,Pohrebyshche,Ukraine
681,3505 Tony Park,38-123,Wysoka Strzyżowska,Poland
682,3 Lighthouse Bay Park,54516 CEDEX,Vandœuvre-lès-Nancy,France
683,7986 Waxwing Place,347850,Glubokiy,Russia
684,3 Sutteridge Court,624357,Kachkanar,Russia
685,19 Monument Crossing,671 65,Čejkovice,Czech Republic
686,4788 Tony Terrace,,Masty,Belarus
687,3862 Novick Parkway,625520,Bogandinskiy,Russia
688,12 Killdeer Court,21604 CEDEX,Longvic,France
689,95684 Montana Crossing,37-310,Nowa Sarzyna,Poland
690,0 Browning Center,,Okhtyrka,Ukraine
691,19133 Sycamore Lane,,Melioratyvne,Ukraine
692,3228 Eggendart Alley,612720,Tonkino,Russia
693,94 Nevada Pass,60618 CEDEX,Lacroix-Saint-Ouen,France
694,3718 Nobel Junction,141580,Rzhavki,Russia
695,68 Dunning Pass,1508,Moss,Norway
696,9 Warrior Plaza,,Strenči,Latvia
697,929 Carioca Street,7737,Steinkjer,Norway
698,1 Kings Avenue,396072,Nakhabino,Russia
699,56189 Bunker Hill Street,413900,Dukhovnitskoye,Russia
700,30115 Paget Hill,,Chyhyryn,Ukraine
701,0 Lindbergh Road,34-312,Międzybrodzie Bialskie,Poland
702,826 Linden Crossing,696 17,Dolní Bojanovice,Czech Republic
703,65 Commercial Center,38-524,Zarszyn,Poland
704,18 Miller Park,93691 CEDEX,Pantin,France
705,7534 Fordem Pass,62-850,Lisków,Poland
706,64778 Bluejay Plaza,,Volodymyrets’,Ukraine
707,838 Springview Junction,403159,Sofrino,Russia
708,885 Arizona Terrace,171750,Sandovo,Russia
709,37 Roxbury Crossing,30904 CEDEX 9,Nîmes,France
710,8134 Declaration Court,46-022,Węgry,Poland
711,071 American Center,42-660,Kalety,Poland
712,0196 Heffernan Crossing,64-915,Jastrowie,Poland
713,3 8th Point,94434 CEDEX,Chennevières-sur-Marne,France
714,8562 Gerald Drive,38816 CEDEX 1,Grenoble,France
715,52744 Hazelcrest Street,,Borzna,Ukraine
716,877 Shoshone Street,,Kramators’k,Ukraine
717,8341 Mesta Parkway,77224 CEDEX,Tournan-en-Brie,France
718,8699 Thompson Lane,187600,Pikalëvo,Russia
719,872 Stephen Avenue,601508,Gus’-Khrustal’nyy,Russia
720,5 Loomis Street,396647,Yelan’,Russia
721,30 Fordem Lane,396350,Kashirskoye,Russia
722,54640 Cody Place,89-525,Sucha,Poland
723,77390 Paget Street,353673,Yasenskaya,Russia
724,7579 Hollow Ridge Center,,Murmuiža,Latvia
725,808 Sullivan Crossing,368380,Tpig,Russia
726,1 Luster Park,75884 CEDEX 18,Paris 18,France
727,8405 Pierstorff Terrace,694440,Rybinsk,Russia
728,36696 Glendale Pass,361624,Tyrnyauz,Russia
729,55 Maryland Lane,357373,Borgustanskaya,Russia
730,4715 Buhler Crossing,,Bratslav,Ukraine
731,6374 Ludington Road,91009 CEDEX,Évry,France
732,501 Bayside Park,70065,Kybartai,Lithuania
733,7 Quincy Avenue,,Marhanets’,Ukraine
734,72313 Daystar Alley,63-304,Broniszewice,Poland
735,97939 Northport Drive,183985,Murmansk,Russia
736,363 Commercial Junction,188649,Vsevolozhsk,Russia
737,528 Buell Crossing,80-209,Chwaszczyno,Poland
738,50 Macpherson Drive,13853 CEDEX 3,Aix-en-Provence,France
739,03981 Comanche Center,3912,Porsgrunn,Norway
740,0 Washington Alley,461069,Kurmanayevka,Russia
741,470 Sachs Court,309060,Severnyy,Russia
742,59 Maryland Parkway,361424,Nal’chik,Russia
743,78288 Meadow Ridge Terrace,141960,Zaprudnya,Russia
744,00056 Southridge Court,21-044,Trawniki,Poland
745,9619 Weeping Birch Terrace,,Ainaži,Latvia
746,3009 Mallard Alley,62-004,Czerwonak,Poland
747,0 Golf Course Park,30942 CEDEX 9,Nîmes,France
748,3676 Pond Street,14-520,Pieniężno,Poland
749,03 Paget Avenue,440 01,Dobroměřice,Czech Republic
750,0 Spohn Pass,44409 CEDEX,Rezé,France
751,262 Golf Center,59865 CEDEX 9,Lille,France
752,67 Aberg Road,94474 CEDEX,Boissy-Saint-Léger,France
753,9 Ludington Terrace,346017,Megion,Russia
754,009 Badeau Street,66-627,Bobrowice,Poland
755,3 Kenwood Place,142817,Zyuzino,Russia
756,64770 Forest Dale Crossing,92041 CEDEX,Paris La Défense,France
757,54089 Holmberg Street,20249,Hamburg Harvestehude,Germany
758,4 Dayton Pass,44-120,Pyskowice,Poland
759,2648 Farmco Lane,93344 CEDEX,Le Raincy,France
760,74 Golf View Pass,2035,Érd,Hungary
761,3824 Summit Terrace,87-601,Lipno,Poland
762,3 Kensington Park,142451,Bronnitsy,Russia
763,2 Maywood Point,273 43,Buštěhrad,Czech Republic
764,54169 Sommers Lane,352680,Khadyzhensk,Russia
765,2737 Manitowish Terrace,851 03,Bratislava,Slovakia
766,96 Butterfield Hill,692943,Vrangel’,Russia
767,7 Katie Road,619001,Kudymkar,Russia
768,38870 Bashford Plaza,450075,Lukhovka,Russia
769,190 Service Hill,309379,Golovchino,Russia
770,88092 Chive Hill,647341,Dikson,Russia
771,466 Del Mar Terrace,33619,Bielefeld,Germany
772,88 Lotheville Avenue,571 01,Hřebeč,Czech Republic
773,5 Hooker Plaza,,Novhorod-Sivers’kyy,Ukraine
774,4347 Lakewood Place,48-320,Skoroszyce,Poland
775,9 Spaight Crossing,658760,Pankrushikha,Russia
776,362 Texas Place,687 11,Topolná,Czech Republic
777,79314 Superior Plaza,385129,Krasnodar,Russia
778,2577 Cherokee Alley,99-314,Krzyżanów,Poland
779,43 Memorial Alley,94865 CEDEX,Bonneuil-sur-Marne,France
780,8029 Prairie Rose Court,53088,Akademija (Kaunas),Lithuania
781,02022 Truax Crossing,249406,Lyudinovo,Russia
782,9 Glacier Hill Pass,445550,Obsharovka,Russia
783,9115 Forest Run Terrace,61004 CEDEX,Alençon,France
784,2 Kenwood Point,BS41,Bristol,United Kingdom
785,6 Canary Point,0789,Oslo,Norway
786,19 Old Gate Way,361424,Shalushka,Russia
787,558 Grover Avenue,14-401,Pasłęk,Poland
788,25 Chinook Drive,,Pochayiv,Ukraine
789,3620 Troy Court,416102,Pavshino,Russia
790,56 Farragut Avenue,,Korostyshiv,Ukraine
791,3069 Coleman Parkway,,Inkerman,Ukraine
792,621 Fairview Plaza,,Berezivka,Ukraine
793,839 Lakewood Gardens Way,14409 CEDEX,Bayeux,France
794,2 Sheridan Terrace,174335,Kulotino,Russia
795,826 Melody Crossing,,Murmuiža,Latvia
796,810 Manufacturers Crossing,68-343,Brody,Poland
797,4434 Cody Crossing,,Osveya,Belarus
798,2 New Castle Hill,,Mirovka,Ukraine
799,0 Little Fleur Lane,356825,Budënnovsk,Russia
800,39 Ridgeway Road,143912,Zelenograd,Russia
801,7360 3rd Drive,147 00,Hodkovičky,Czech Republic
802,6959 Oak Valley Point,45204 CEDEX,Montargis,France
803,2283 Dovetail Terrace,,Kozhanka,Ukraine
804,91791 Arizona Alley,411 86,Bechlín,Czech Republic
805,496 Mccormick Point,88-193,Barcin,Poland
806,0 Cambridge Lane,55109 CEDEX,Verdun,France
807,19453 Tomscot Place,22004 CEDEX 1,Saint-Brieuc,France
808,296 Milwaukee Street,424999,Yoshkar-Ola,Russia
809,0339 Northland Center,62036 CEDEX,Arras,France
810,998 Fairfield Plaza,95-054,Ksawerów,Poland
811,0 Arapahoe Circle,102192,Pyatigorskiy,Russia
812,0943 Blackbird Park,34194 CEDEX 5,Montpellier,France
813,17771 Johnson Court,86156,Augsburg,Germany
814,412 Saint Paul Drive,,Horokhiv,Ukraine
815,5 Merrick Place,30011 CEDEX 4,Nîmes,France
816,249 Corben Road,01004 CEDEX,Bourg-en-Bresse,France
817,0 Kipling Pass,368212,Prokop’yevsk,Russia
818,27086 Dorton Center,164200,Nyandoma,Russia
819,4478 Banding Hill,641780,Polovinnoye,Russia
820,723 Prentice Trail,679 21,Bořitov,Czech Republic
821,07 Porter Drive,,Lysychovo,Ukraine
822,2 Schmedeman Point,783 72,Velký Týnec,Czech Republic
823,397 Pond Hill,368328,Levashi,Russia
824,97148 Warner Parkway,58209 CEDEX,Cosne-Cours-sur-Loire,France
825,35 Continental Terrace,10606 CEDEX,Troyes,France
826,00 Schiller Terrace,357834,Krasnokumskoye,Russia
827,6899 Heath Point,81109 CEDEX,Castres,France
828,11 School Circle,453002,Perovo,Russia
829,329 Nelson Center,901993,Mar’ina Roshcha,Russia
830,77 Onsgard Center,94593 CEDEX 2,Rungis,France
831,26905 Hallows Pass,216533,Yekimovichi,Russia
832,01040 Corscot Drive,739 46,Hukvaldy,Czech Republic
833,206 Swallow Place,09116,Chemnitz,Germany
834,5929 Hagan Pass,90-510,Grabów nad Prosną,Poland
835,86 Pleasure Point,77427 CEDEX 2,Marne-la-Vallée,France
836,62034 Coolidge Place,517 01,Solnice,Czech Republic
837,4 Grover Drive,391357,Pechenga,Russia
838,1 Pond Center,09-505,Nowy Duninów,Poland
839,8 Haas Lane,33801 CEDEX,Bordeaux,France
840,7 Bashford Center,0460,Oslo,Norway
841,2 Carioca Park,446368,Mirnyy,Russia
842,52608 Bayside Trail,594 51,Ostrov,Czech Republic
843,97924 Fallview Avenue,646604,Inya,Russia
844,6989 Hoepker Hill,679 63,Velké Opatovice,Czech Republic
845,484 Mosinee Parkway,425479,Sernur,Russia
846,01333 Declaration Center,62-571,Stare Miasto,Poland
847,441 Warbler Lane,184389,Kola,Russia
848,30 Graedel Park,38164 CEDEX,Saint-Marcellin,France
849,27394 Fieldstone Lane,141667,Spas-Zaulok,Russia
850,7 Fulton Court,187003,Tosno,Russia
851,13 Schurz Parkway,366101,Grebenskaya,Russia
852,89 Orin Lane,49023 CEDEX 02,Angers,France
853,435 Linden Lane,40001,Kupiskis,Lithuania
854,78 Mitchell Road,397641,Mikhaylovka,Russia
855,43 Talisman Trail,GL54,Ford,United Kingdom
856,4 Hanson Pass,59-305,Rudna,Poland
857,727 Springs Way,,Hotsk,Belarus
858,57619 Troy Road,,Myhiya,Ukraine
859,50365 Lien Drive,592 11,Žďár nad Sázavou Druhy,Czech Republic
860,4 Harper Alley,503 02,Předměřice nad Labem,Czech Republic
861,3214 Toban Parkway,13456 CEDEX 13,Marseille,France
862,6864 Golf View Avenue,51054 CEDEX,Reims,France
863,4 Commercial Crossing,696 47,Žeravice,Czech Republic
864,93 Kenwood Junction,83060 CEDEX,Toulon,France
865,56 Dawn Center,27-310,Ciepielów,Poland
866,38 Dottie Alley,,Krasnyy Lyman,Ukraine
867,66 Nobel Terrace,623075,Gadzhiyevo,Russia
868,38299 Eagle Crest Trail,,Bykhaw,Belarus
869,317 Bunker Hill Circle,23568,Lübeck,Germany
870,597 Rusk Parkway,243365,Lopandino,Russia
871,66 Lerdahl Circle,671410,Khorinsk,Russia
872,3 Sutherland Terrace,35409 CEDEX,Saint-Malo,France
873,99917 Farmco Street,22-410,Zamość,Poland
874,489 Aberg Court,78067 CEDEX,Saint-Quentin-en-Yvelines,France
875,153 Algoma Junction,,Mosar,Belarus
876,5426 Crowley Way,665133,Uchaly,Russia
877,7 Rowland Terrace,152130,Petrovskoye,Russia
878,863 Sachtjen Place,188659,Verkhniye Osel’ki,Russia
879,6 Cardinal Drive,347879,Gukovo,Russia
880,38846 Glacier Hill Lane,664 84,Zastávka,Czech Republic
881,221 Bayside Circle,32-222,Racławice,Poland
882,1756 Manufacturers Lane,606950,Tonshayevo,Russia
883,4489 Laurel Center,,Nikopol’,Ukraine
884,1 Pierstorff Alley,623795,Pokrovskoye,Russia
885,4674 Lerdahl Crossing,182460,Vybor,Russia
886,4 Nelson Avenue,S8,Norton,United Kingdom
887,9 Schmedeman Center,,Blahodatne,Ukraine
888,079 Stone Corner Avenue,679005,Yantal’,Russia
889,8296 Thompson Terrace,357371,Podkumskiy,Russia
890,03 Beilfuss Lane,397706,Bobrov,Russia
891,1759 7th Terrace,140317,Gorno-Altaysk,Russia
892,32 Melody Avenue,5849,Bergen,Norway
893,54560 Hoard Drive,75464 CEDEX 10,Paris 10,France
894,8 Tennessee Road,43-430,Skoczów,Poland
895,5 Derek Park,26209 CEDEX,Montélimar,France
896,359 Donald Avenue,665212,Badar,Russia
897,45249 Sheridan Lane,,Pidhaytsi,Ukraine
898,4 Anthes Alley,157008,Buy,Russia
899,8 Comanche Terrace,,Myrnyy,Ukraine
900,1625 Superior Crossing,3255,Larvik,Norway
901,31165 Lawn Crossing,141707,Golovinskiy,Russia
902,5 Beilfuss Park,31201 CEDEX 2,Toulouse,France
903,08873 Browning Center,34747 CEDEX,Vendargues,France
904,982 Eagle Crest Way,,Marhanets’,Ukraine
905,8 Oak Alley,658760,Pankrushikha,Russia
906,259 Briar Crest Alley,356235,Tatarka,Russia
907,77155 Elka Lane,152450,Kukoboy,Russia
908,0 Brentwood Terrace,09-135,Siemiątkowo,Poland
909,4751 Shopko Circle,633224,Listvyanskiy,Russia
910,848 Myrtle Junction,102042,Priupskiy,Russia
911,60 Helena Park,98-346,Skomlin,Poland
912,33 Goodland Pass,601803,Vyshniy Volochëk,Russia
913,9 Sloan Drive,92660 CEDEX,Boulogne-Billancourt,France
914,61 Mesta Trail,59-330,Ścinawa,Poland
915,45548 Meadow Vale Junction,67454 CEDEX,Mundolsheim,France
916,1176 Menomonie Drive,10104 CEDEX,Romilly-sur-Seine,France
917,39 Golf Road,152300,Tutayev,Russia
918,8 Hanover Drive,,Yevpatoriya,Ukraine
919,812 Grim Circle,08-301,Sokołów Podlaski,Poland
920,03534 1st Parkway,,Ivanivka,Ukraine
921,9 Daystar Lane,433201,Yazykovo,Russia
922,7802 Cherokee Plaza,652261,Pokrovskoye-Streshnëvo,Russia
923,9 Sutherland Avenue,356126,Novotroitskaya,Russia
924,31 Victoria Court,215807,Yartsevo,Russia
925,78 Harper Pass,28239,Bremen,Germany
926,6 Marcy Pass,164903,Novodvinsk,Russia
927,185 Acker Road,684 01,Slavkov u Brna,Czech Republic
928,72344 Larry Crossing,161213,Krasnyy Profintern,Russia
929,9 Hoffman Parkway,184433,Zapolyarnyy,Russia
930,517 Cardinal Court,301070,Mendeleyevskiy,Russia
931,6 Sutherland Junction,694903,Makarov,Russia
932,8 Bonner Alley,73494 CEDEX,La Ravoire,France
933,1835 Kim Center,33070 CEDEX,Bordeaux,France
934,058 Holmberg Terrace,,Velykoploske,Ukraine
935,03 Manley Drive,4846,Arendal,Norway
936,0 Northview Pass,36-007,Krasne,Poland
937,16118 Armistice Plaza,620908,Shuvakish,Russia
938,02 Kedzie Terrace,,Железный порт,Ukraine
939,4050 Center Circle,663853,Severomorsk,Russia
940,82 Milwaukee Place,40591,Düsseldorf,Germany
941,82219 Carioca Alley,187542,Saskylakh,Russia
942,73867 Dryden Court,512 43,Jablonec nad Jizerou,Czech Republic
943,4005 Debra Crossing,,Bilozerka,Ukraine
944,30529 Burning Wood Crossing,160034,Vologda,Russia
945,7219 Dwight Plaza,86-122,Bukowiec,Poland
946,266 Anzinger Street,09-101,Płońsk,Poland
947,654 Basil Place,,Kolodenka,Ukraine
948,874 Tennessee Terrace,04317,Leipzig,Germany
949,5152 Columbus Road,388 01,Blatná,Czech Republic
950,69 Northport Drive,168020,Kortkeros,Russia
951,85715 Donald Alley,32-340,Wolbrom,Poland
952,856 Emmet Point,625999,Tyumen,Russia
953,24177 Fieldstone Drive,75243 CEDEX 13,Paris 13,France
954,78505 Florence Park,382 73,Vyšší Brod,Czech Republic
955,2 Myrtle Pass,,Bayrachky,Ukraine
956,4 Leroy Trail,687 12,Bílovice,Czech Republic
957,2 Swallow Park,307156,Zheleznogorsk,Russia
958,50947 Buhler Center,59784 CEDEX 9,Lille,France
959,6 Hansons Crossing,442680,Nikol’sk,Russia
960,93 Dryden Terrace,632643,Kochenëvo,Russia
961,115 Lyons Lane,628532,Lugovskoy,Russia
962,2404 Corry Hill,06-302,Przasnysz,Poland
963,36 Bayside Center,80-867,Przyborów,Poland
964,8731 Calypso Park,663246,Podkamennaya Tunguska,Russia
965,42 Fremont Trail,,Irshava,Ukraine
966,83 Morning Drive,S1,Sheffield,United Kingdom
967,64 Vera Pass,59009,Birštonas,Lithuania
968,9 Oak Valley Road,57-220,Ziębice,Poland
969,5 Macpherson Hill,606243,Ozerki,Russia
970,86176 Nobel Crossing,,Berdyans’k,Ukraine
971,593 Fremont Street,13617 CEDEX 1,Aix-en-Provence,France
972,8621 Fuller Lane,13834 CEDEX,Châteaurenard,France
973,4 Pierstorff Alley,,Illintsi,Ukraine
974,86978 Westridge Court,338 08,Zbiroh,Czech Republic
975,4690 Leroy Drive,141292,Krasnoarmeysk,Russia
976,84887 Delladonna Point,783 16,Dolany,Czech Republic
977,84 Summit Junction,,Ikšķile,Latvia
978,40645 Vidon Street,57045 CEDEX 01,Metz,France
979,036 Havey Place,34-211,Budzów,Poland
980,9735 Shelley Street,63-202,Jarocin,Poland
981,09 Kingsford Terrace,375 01,Malá Strana,Czech Republic
982,17 Harper Lane,42-454,Rokitno Szlacheckie,Poland
983,0 Hallows Circle,606670,Sokol’skoye,Russia
984,79129 Crowley Point,25057 CEDEX,Besançon,France
985,006 Hansons Parkway,385798,Groznyy,Russia
986,505 Village Avenue,347460,Zimovniki,Russia
987,73480 Merry Park,81017 CEDEX 9,Albi,France
988,63961 Bellgrove Circle,46-220,Byczyna,Poland
989,11 Summerview Circle,391833,Skopin,Russia
990,5021 Harper Place,86-318,Rogóźno,Poland
991,3 Monument Road,161560,Tarnogskiy Gorodok,Russia
992,2 Village Green Lane,,Kompaniyivka,Ukraine
993,32413 Veith Hill,601293,Suzdal’,Russia
994,44 Garrison Avenue,08-455,Trojanów,Poland
995,643 Kropf Junction,,Velikiye Borki,Ukraine
996,00 Dixon Pass,592 01,Herálec,Czech Republic
997,4 Morning Street,43-356,Kobiernice,Poland
998,496 Longview Place,366817,Lakkha Nëvre,Russia
999,109 Jay Drive,39130,Magdeburg,Germany
1000,7 Anniversary Crossing,385123,Yelizavetinskaya,Russia
